{
    "left_intrinsics": [
        [
            722.068603515625,
            0.0,
            525.367431640625
        ],
        [
            0.0,
            722.068603515625,
            367.5914001464844
        ],
        [
            0.0,
            0.0,
            1.0
        ]
    ],
    "right_intrinsics": [
        [
            722.5426025390625,
            0.0,
            547.0877685546875
        ],
        [
            0.0,
            722.5426025390625,
            368.3481750488281
        ],
        [
            0.0,
            0.0,
            1.0
        ]
    ],
    "rgb_intrinsics": [
        [
            1546.5582275390625,
            0.0,
            916.9226684570312
        ],
        [
            0.0,
            1546.5582275390625,
            545.2701416015625
        ],
        [
            0.0,
            0.0,
            1.0
        ]
    ],
    "left_distortion": [
        -7.654723167419434,
        95.71739959716797,
        -0.0009433169034309685,
        0.000807091302704066,
        -59.61152267456055,
        -7.720360279083252,
        95.15794372558594,
        -58.54834747314453,
        0.0,
        0.0,
        0.0,
        0.0,
        0.0,
        0.0
    ],
    "right_distortion": [
        -9.286415100097656,
        94.60108184814453,
        -0.0006279306253418326,
        0.0013932730071246624,
        -64.02765655517578,
        -9.335484504699707,
        94.1077651977539,
        -62.94216537475586,
        0.0,
        0.0,
        0.0,
        0.0,
        0.0,
        0.0
    ],
    "rgb_distortion": [
        6.368757724761963,
        -117.08570098876953,
        -0.0007106272387318313,
        -0.0008170630899257958,
        428.420166015625,
        6.033112525939941,
        -113.96968078613281,
        418.7137145996094,
        0.0,
        0.0,
        0.0,
        0.0,
        0.0,
        0.0
    ],
    "extrinsics_left_to_right": [
        [
            0.9999734163284302,
            0.0012772028567269444,
            -0.0071780444122850895,
            -7.5204010009765625
        ],
        [
            -0.0012342949630692601,
            0.9999813437461853,
            0.00597890792414546,
            -0.00122557464055717
        ],
        [
            0.007185547146946192,
            -0.005969888996332884,
            0.9999563694000244,
            -0.08498650044202805
        ],
        [
            0.0,
            0.0,
            0.0,
            1.0
        ]
    ],
    "extrinsics_right_to_left": [
        [
            0.9999734163284302,
            -0.0012342949630692601,
            0.007185547146946192,
            7.520810604095459
        ],
        [
            0.0012772028567269444,
            0.9999813437461853,
            -0.005969888996332884,
            0.010323269292712212
        ],
        [
            -0.0071780444122850895,
            0.00597890792414546,
            0.9999563694000244,
            0.031008344143629074
        ],
        [
            0.0,
            0.0,
            0.0,
            1.0
        ]
    ],
    "extrinsics_left_to_rgb": [
        [
            0.9999354481697083,
            0.011239389888942242,
            -0.0016880165785551071,
            -3.8079280853271484
        ],
        [
            -0.01120689231902361,
            0.9997721910476685,
            0.01816447079181671,
            0.10043009370565414
        ],
        [
            0.0018917894922196865,
            -0.018144378438591957,
            0.9998335838317871,
            -0.11800607293844223
        ],
        [
            0.0,
            0.0,
            0.0,
            1.0
        ]
    ],
    "extrinsics_right_to_rgb": [
        [
            0.9999353289604187,
            0.009994872845709324,
            0.005430042278021574,
            3.712460517883301
        ],
        [
            -0.010060067288577557,
            0.9998760223388672,
            0.01211462076753378,
            0.02702935039997101
        ],
        [
            -0.005308284889906645,
            -0.012168463319540024,
            0.9999118447303772,
            -0.07296241074800491
        ],
        [
            0.0,
            0.0,
            0.0,
            1.0
        ]
    ]
}