{
    "left_intrinsics": [
        [
            719.4691162109375,
            0.0,
            556.8761596679688
        ],
        [
            0.0,
            719.4691162109375,
            377.64105224609375
        ],
        [
            0.0,
            0.0,
            1.0
        ]
    ],
    "right_intrinsics": [
        [
            712.6534423828125,
            0.0,
            537.30517578125
        ],
        [
            0.0,
            712.6534423828125,
            354.9091796875
        ],
        [
            0.0,
            0.0,
            1.0
        ]
    ],
    "rgb_intrinsics": [
        [
            1534.5164794921875,
            0.0,
            969.1027221679688
        ],
        [
            0.0,
            1534.5164794921875,
            569.6004638671875
        ],
        [
            0.0,
            0.0,
            1.0
        ]
    ],
    "left_distortion": [
        -9.97189998626709,
        97.79232025146484,
        0.0002959511475637555,
        0.0005550050991587341,
        -55.2479133605957,
        -10.016587257385254,
        97.21976470947266,
        -53.552581787109375,
        0.0,
        0.0,
        0.0,
        0.0,
        0.0,
        0.0
    ],
    "right_distortion": [
        -8.144364356994629,
        84.14620208740234,
        -0.0021390579640865326,
        0.0012312049511820078,
        -23.329883575439453,
        -8.188102722167969,
        83.60247039794922,
        -21.221961975097656,
        0.0,
        0.0,
        0.0,
        0.0,
        0.0,
        0.0
    ],
    "rgb_distortion": [
        18.704011917114258,
        -144.81500244140625,
        -0.0008001586538739502,
        0.0004548683937173337,
        331.0213317871094,
        18.33854866027832,
        -142.78822326660156,
        326.8157653808594,
        0.0,
        0.0,
        0.0,
        0.0,
        0.0,
        0.0
    ],
    "extrinsics_left_to_right": [
        [
            0.9999342560768127,
            -0.009146293625235558,
            -0.006914904341101646,
            -7.47733736038208
        ],
        [
            0.009144892916083336,
            0.9999581575393677,
            -0.00023418336058966815,
            -0.08158949762582779
        ],
        [
            0.006916756741702557,
            0.0001709319039946422,
            0.9999760389328003,
            0.05877918004989624
        ],
        [
            0.0,
            0.0,
            0.0,
            1.0
        ]
    ],
    "extrinsics_right_to_left": [
        [
            0.9999342560768127,
            0.009144892916083336,
            0.006916756741702557,
            7.477185249328613
        ],
        [
            -0.009146293625235558,
            0.9999581575393677,
            0.0001709319039946422,
            0.013186115771532059
        ],
        [
            -0.006914904341101646,
            -0.00023418336058966815,
            0.9999760389328003,
            -0.11050195246934891
        ],
        [
            0.0,
            0.0,
            0.0,
            1.0
        ]
    ],
    "extrinsics_left_to_rgb": [
        [
            0.9998380541801453,
            -0.003867903957143426,
            -0.01757720857858658,
            -3.7456552982330322
        ],
        [
            0.004005345981568098,
            0.9999616146087646,
            0.007790860719978809,
            -0.04156378656625748
        ],
        [
            0.01754639856517315,
            -0.007860003039240837,
            0.9998151063919067,
            -0.23919756710529327
        ],
        [
            0.0,
            0.0,
            0.0,
            1.0
        ]
    ],
    "extrinsics_right_to_rgb": [
        [
            0.9999292492866516,
            0.0052797854878008366,
            -0.01066181156784296,
            3.732210397720337
        ],
        [
            -0.005194732919335365,
            0.9999545812606812,
            0.007989304140210152,
            0.0007096294430084527
        ],
        [
            0.01070350967347622,
            -0.007933353073894978,
            0.9999112486839294,
            -0.2185850590467453
        ],
        [
            0.0,
            0.0,
            0.0,
            1.0
        ]
    ]
}